Employee ID,Employee Name,Job Title,Department,Salary ($),Hire Date
6292,Denise Morris,Software Engineer,Table Dept,76596.44,2017-01-13
5894,Tamara Johnson,UX Designer,Mouth Dept,77332.47,2020-07-25
2350,Roger Rubio,HR Specialist,Five Dept,95225.55,2019-10-28
1435,Samantha Gamble,HR Specialist,Every Dept,47572.9,2015-06-08
4895,Kenneth Cummings,Software Engineer,Better Dept,60377.22,2019-11-06
7015,Christopher Hull,HR Specialist,Down Dept,103029.39,2023-09-26
8464,Carl Harrison,HR Specialist,Accept Dept,40737.08,2020-03-27
4960,Rebecca Miranda,HR Specialist,Member Dept,78808.56,2018-11-03
9340,Robert Leblanc,Data Analyst,Visit Dept,75947.12,2018-02-28
5026,Michael Jones,UX Designer,Again Dept,50193.52,2015-09-06
9668,Charles Klein,Data Analyst,Career Dept,46534.89,2023-04-22
6064,Kirsten Parker,Software Engineer,Bag Dept,106075.76,2022-08-10
3871,Derek Miller,UX Designer,Instead Dept,113309.33,2018-02-23
3684,Douglas Hernandez,Software Engineer,Return Dept,95795.59,2022-12-30
3420,Marc Henderson,System Administrator,Tv Dept,61966.54,2017-11-27
3247,Harold Lloyd,Project Manager,Affect Dept,58908.32,2018-08-15
4475,Mr. Albert Valenzuela,UX Designer,Modern Dept,75818.39,2018-04-03
1980,Rachel Davis,Data Analyst,Expert Dept,86283.34,2020-10-08
9128,Karen Sanchez,Software Engineer,State Dept,117941.35,2021-05-23
1525,Megan Kennedy,UX Designer,Turn Dept,92132.14,2019-06-03
8807,Miguel Graham,System Administrator,Partner Dept,42282.01,2016-08-22
2290,Lauren Haynes,System Administrator,Tell Dept,58431.16,2016-04-13
6282,Eric Morrison,UX Designer,Interest Dept,113072.99,2021-04-09
9204,Alicia Jones,UX Designer,Look Dept,88126.28,2019-07-27
7288,Richard Hanna,Data Analyst,Mr Dept,97269.12,2018-08-01
5132,Jeffrey Rogers,Data Analyst,Oil Dept,77353.34,2019-06-07
5645,Jonathan Brown,UX Designer,Yourself Dept,68416.58,2023-11-27
2742,James Haley,Project Manager,Several Dept,73509.31,2023-09-19
1823,William Rodriguez,HR Specialist,Collection Dept,103125.5,2015-06-20
1139,Katie Johnson,Data Analyst,Site Dept,57660.42,2022-11-04
3703,Francisco Crane,HR Specialist,Cover Dept,57529.84,2022-03-27
8168,Edward Garner Jr.,Project Manager,Form Dept,40598.42,2019-11-11
6901,Rhonda Huffman,Project Manager,Thousand Dept,52710.41,2015-06-03
4412,Stephanie Becker,Project Manager,Enter Dept,66714.15,2018-10-05
2785,Sherry Lopez,System Administrator,Wife Dept,84271.34,2016-09-15
3805,Anthony Ramirez,Data Analyst,Physical Dept,45029.5,2022-06-24
6107,Robert Buchanan,Project Manager,Box Dept,84821.85,2019-04-05
3877,Kelly Pitts,System Administrator,Significant Dept,72841.71,2021-08-17
3783,Tracy Moses,System Administrator,Painting Dept,102163.86,2019-05-03
9218,Robert Garcia,UX Designer,Hospital Dept,86682.66,2021-11-19
4188,Thomas Gonzalez,UX Designer,Important Dept,100576.77,2023-10-19
1198,Susan Simon,Data Analyst,Story Dept,50499.45,2018-11-20
6891,Timothy Medina DDS,Data Analyst,Truth Dept,62793.69,2020-05-16
9626,Tommy Montoya,Data Analyst,Start Dept,86427.72,2015-05-20
8328,Kayla Gordon,Project Manager,Lead Dept,116937.17,2019-11-06
1364,Joseph Wilson,UX Designer,Happen Dept,79894.94,2022-06-24
2294,Karen Campbell,Project Manager,Prepare Dept,60624.83,2020-12-30
7845,Keith Bradley MD,Data Analyst,Impact Dept,64512.89,2022-04-16
2067,Barbara Turner,HR Specialist,Parent Dept,63898.47,2021-11-06
3424,Tammy Lynch,Project Manager,Worker Dept,110439.47,2021-09-15
2435,Michael Hunt,Project Manager,Tv Dept,90821.5,2021-02-08
2274,Richard Delgado,Data Analyst,Stock Dept,79273.13,2016-12-01
9735,Jenna Gardner,Project Manager,Court Dept,41550.91,2023-03-22
9716,Lindsey Ross,Project Manager,Particularly Dept,98870.95,2016-07-24
2018,Lucas Walker,HR Specialist,Poor Dept,98495.42,2019-05-28
2569,Kimberly Sanchez,UX Designer,Believe Dept,82075.56,2022-08-23
4073,Kelly May,Data Analyst,Mrs Dept,76613.75,2016-08-23
7692,Laura Young,HR Specialist,Part Dept,82423.34,2018-08-18
4856,Annette Rodgers,Project Manager,Visit Dept,117310.68,2021-07-10
8837,James Yoder,Project Manager,Billion Dept,72998.07,2022-01-26
3675,Tracy Phillips,System Administrator,Some Dept,107771.22,2019-01-27
2537,Kimberly Turner,Data Analyst,Take Dept,52520.95,2022-06-09
7997,Dr. Kathryn Bush,HR Specialist,Happy Dept,60815.83,2019-04-14
4697,Karen Smith,UX Designer,Someone Dept,67998.89,2016-12-14
3736,Nathan Palmer,HR Specialist,Seat Dept,48721.55,2024-02-10
4019,Ross Bradford,Project Manager,Store Dept,44632.87,2020-08-27
2947,Ashlee Bender,System Administrator,Standard Dept,107501.8,2016-09-20
9724,Ann Johnson,Software Engineer,Who Dept,97187.41,2021-04-08
5142,Michele Landry,UX Designer,Performance Dept,50837.05,2020-02-02
3196,Brandon Howell,Data Analyst,Focus Dept,53678.57,2022-09-14
4695,Marie Fitzgerald,System Administrator,Direction Dept,43840.51,2020-12-14
6671,Katie Jennings,HR Specialist,Phone Dept,62599.42,2021-02-08
3063,Erica Hansen,HR Specialist,Word Dept,47552.3,2020-02-08
2181,Mark Smith,Data Analyst,Huge Dept,102704.33,2015-08-18
6006,Elizabeth Hendrix,Data Analyst,Doctor Dept,72763.55,2018-11-08
9709,Tracy Adkins,Software Engineer,Apply Dept,59585.68,2017-10-02
7207,Diamond Black,HR Specialist,Like Dept,51205.5,2023-08-25
3728,Brianna Murray,HR Specialist,Or Dept,100492.73,2017-03-12
4712,Nancy Moore,Software Engineer,There Dept,80247.75,2022-10-30
2755,Nicole Jones,Software Engineer,Marriage Dept,104475.55,2021-01-11
5790,Karen Smith,Data Analyst,Mean Dept,46048.07,2018-05-13
7789,Ruth Johnson,HR Specialist,Statement Dept,91316.98,2021-06-01
3547,Amanda Castro,HR Specialist,Blue Dept,110880.06,2023-03-10
8849,Catherine Yu,HR Specialist,Own Dept,91920.86,2015-06-28
8460,Nathan Hall,System Administrator,Team Dept,51813.98,2019-06-24
7559,Claire Watts,UX Designer,Instead Dept,102769.8,2022-01-20
7710,Samantha Jones,Data Analyst,Discuss Dept,66547.23,2019-01-19
4699,Thomas Morales,HR Specialist,My Dept,69832.82,2018-11-29
1573,Miguel Johnson,Project Manager,Cut Dept,58214.39,2019-08-30
9688,Amy Lowe,System Administrator,Character Dept,114447.43,2017-10-16
6530,Karen Thompson,Software Engineer,Evening Dept,113325.41,2018-04-04
9076,Christine Williams,HR Specialist,Grow Dept,52596.47,2023-03-19
8128,Christopher Jones,UX Designer,House Dept,43461.63,2015-08-25
3378,Eric Peterson,Project Manager,Loss Dept,42686.7,2016-07-18
6359,Holly Garcia,System Administrator,Area Dept,74680.19,2023-07-25
2545,Crystal Hall,Project Manager,Represent Dept,77346.02,2018-06-17
7867,Daniel Hernandez,System Administrator,List Dept,90075.77,2023-06-18
4348,James Miller,System Administrator,Full Dept,40923.54,2020-08-08
6015,Todd Combs,Project Manager,These Dept,99535.0,2022-07-21
1262,Bonnie Jones,HR Specialist,Executive Dept,119670.99,2021-02-05
